[
null,
{"id":1,"animationId":6,"description":"【剣】軽くて扱いやすい刀身の短い剣。","etypeId":1,"traits":[{"code":31,"dataId":1,"value":0},{"code":22,"dataId":0,"value":0}],"iconIndex":97,"name":"ショートソード","note":"","params":[0,0,8,0,0,0,0,0],"price":300,"wtypeId":2},
{"id":2,"animationId":6,"description":"【剣】鋭い切れ味を誇る戦闘用の長剣。","etypeId":1,"traits":[{"code":31,"dataId":1,"value":0},{"code":22,"dataId":0,"value":0}],"iconIndex":97,"name":"ロングソード","note":"","params":[0,0,12,0,0,0,0,0],"price":670,"wtypeId":2},
{"id":3,"animationId":6,"description":"【剣】反りのある刀身をもつ幅広の剣。","etypeId":1,"traits":[{"code":31,"dataId":1,"value":0},{"code":22,"dataId":0,"value":0}],"iconIndex":97,"name":"ファルシオン","note":"","params":[0,0,18,0,0,0,0,0],"price":1480,"wtypeId":2},
{"id":4,"animationId":6,"description":"【剣】ミスリルで作られた長剣。","etypeId":1,"traits":[{"code":31,"dataId":1,"value":0},{"code":22,"dataId":0,"value":0}],"iconIndex":97,"name":"ミスリルソード","note":"","params":[0,0,25,0,0,0,0,0],"price":3890,"wtypeId":2},
{"id":5,"animationId":6,"description":"【剣】ドラゴンのキバで作られた剣。","etypeId":1,"traits":[{"code":31,"dataId":1,"value":0},{"code":22,"dataId":0,"value":0}],"iconIndex":97,"name":"ドラゴンブレード","note":"","params":[0,0,36,0,0,0,0,0],"price":6970,"wtypeId":2},
{"id":6,"animationId":0,"description":"","etypeId":1,"traits":[{"code":31,"dataId":1,"value":0},{"code":22,"dataId":0,"value":0}],"iconIndex":0,"name":"","note":"","params":[0,0,0,0,0,0,0,0],"price":0,"wtypeId":0},
{"id":7,"animationId":1,"description":"【杖】安価で一般に普及している杖。","etypeId":1,"traits":[{"code":31,"dataId":1,"value":0},{"code":22,"dataId":0,"value":0}],"iconIndex":101,"name":"ウッドスタッフ","note":"","params":[0,0,2,0,8,3,0,0],"price":280,"wtypeId":6},
{"id":8,"animationId":1,"description":"【杖】術者の魔力をやや増幅させる杖。","etypeId":1,"traits":[{"code":31,"dataId":1,"value":0},{"code":22,"dataId":0,"value":0}],"iconIndex":101,"name":"マジックワンド","note":"","params":[0,0,3,0,12,6,0,0],"price":780,"wtypeId":6},
{"id":9,"animationId":1,"description":"【杖】術者の魔力を増幅させる銀製の杖。","etypeId":1,"traits":[{"code":31,"dataId":1,"value":0},{"code":22,"dataId":0,"value":0}],"iconIndex":101,"name":"フォースワンド","note":"","params":[0,0,5,0,21,12,0,0],"price":1680,"wtypeId":6},
{"id":10,"animationId":1,"description":"【杖】術者の魔力を増幅させるミスリルの杖。","etypeId":1,"traits":[{"code":31,"dataId":1,"value":0},{"code":22,"dataId":0,"value":0}],"iconIndex":101,"name":"ミスリルロッド","note":"","params":[0,0,12,0,32,24,0,0],"price":4120,"wtypeId":6},
{"id":11,"animationId":1,"description":"【杖】術者の魔力を増幅させるドラゴンの杖。","etypeId":1,"traits":[{"code":31,"dataId":1,"value":0},{"code":22,"dataId":0,"value":0}],"iconIndex":101,"name":"ドラゴンスタッフ","note":"","params":[0,0,18,0,45,52,0,0],"price":7680,"wtypeId":6},
{"id":12,"animationId":0,"description":"","etypeId":1,"traits":[{"code":31,"dataId":1,"value":0},{"code":22,"dataId":0,"value":0}],"iconIndex":0,"name":"","note":"","params":[0,0,0,0,0,0,0,0],"price":0,"wtypeId":0},
{"id":13,"animationId":1,"description":"【フレイル】柄の先に鎖で石球をつないだ連接棍棒。","etypeId":1,"traits":[{"code":31,"dataId":1,"value":0},{"code":22,"dataId":0,"value":0}],"iconIndex":98,"name":"ストーンフレイル","note":"","params":[0,0,7,0,0,0,0,0],"price":360,"wtypeId":3},
{"id":14,"animationId":1,"description":"【フレイル】柄の先に鎖で銅球をつないだ連接棍棒。","etypeId":1,"traits":[{"code":31,"dataId":1,"value":0},{"code":22,"dataId":0,"value":0}],"iconIndex":98,"name":"ブロンズフレイル","note":"","params":[0,0,12,0,0,0,0,0],"price":680,"wtypeId":3},
{"id":15,"animationId":1,"description":"【フレイル】鋼鉄で強化した連接棍棒。","etypeId":1,"traits":[{"code":31,"dataId":1,"value":0},{"code":22,"dataId":0,"value":0}],"iconIndex":98,"name":"モーニングスター","note":"","params":[0,0,18,0,0,0,0,0],"price":1460,"wtypeId":3},
{"id":16,"animationId":1,"description":"【フレイル】ミスリルで強化した連接棍棒。","etypeId":1,"traits":[{"code":31,"dataId":1,"value":0},{"code":22,"dataId":0,"value":0}],"iconIndex":98,"name":"ミスリルフレイル","note":"","params":[0,0,23,0,0,0,0,0],"price":2980,"wtypeId":3},
{"id":17,"animationId":1,"description":"【フレイル】ドラゴンのキバで強化した連接棍棒。","etypeId":1,"traits":[{"code":31,"dataId":1,"value":0},{"code":22,"dataId":0,"value":0}],"iconIndex":98,"name":"ドラゴンフレイル","note":"","params":[0,0,29,0,0,0,0,0],"price":6180,"wtypeId":3},
{"id":18,"animationId":0,"description":"","etypeId":1,"traits":[{"code":31,"dataId":1,"value":0},{"code":22,"dataId":0,"value":0}],"iconIndex":0,"name":"","note":"","params":[0,0,0,0,0,0,0,0],"price":0,"wtypeId":0},
{"id":19,"animationId":6,"description":"【斧】伐採に使う小型の斧。","etypeId":1,"traits":[{"code":31,"dataId":1,"value":0},{"code":22,"dataId":0,"value":0}],"iconIndex":99,"name":"ハンドアクス","note":"","params":[0,0,10,0,0,0,0,0],"price":480,"wtypeId":4},
{"id":20,"animationId":6,"description":"【斧】戦闘用に作られた両刃の斧。","etypeId":1,"traits":[{"code":31,"dataId":1,"value":0},{"code":22,"dataId":0,"value":0}],"iconIndex":99,"name":"バトルアクス","note":"","params":[0,0,18,0,0,0,0,0],"price":980,"wtypeId":4},
{"id":21,"animationId":6,"description":"【斧】三日月型の刃をもつ戦斧。","etypeId":1,"traits":[{"code":31,"dataId":1,"value":0},{"code":22,"dataId":0,"value":0}],"iconIndex":99,"name":"バルディッシュ","note":"","params":[0,0,25,0,0,0,0,0],"price":2180,"wtypeId":4},
{"id":22,"animationId":6,"description":"【斧】ミスリルで作られた戦斧。","etypeId":1,"traits":[{"code":31,"dataId":1,"value":0},{"code":22,"dataId":0,"value":0}],"iconIndex":99,"name":"ミスリルアクス","note":"","params":[0,0,32,0,0,0,0,0],"price":4500,"wtypeId":4},
{"id":23,"animationId":6,"description":"【斧】ドラゴンのキバで作られた戦斧。","etypeId":1,"traits":[{"code":31,"dataId":1,"value":0},{"code":22,"dataId":0,"value":0}],"iconIndex":99,"name":"ドラゴンアクス","note":"","params":[0,0,45,0,0,0,0,0],"price":9600,"wtypeId":4},
{"id":24,"animationId":0,"description":"","etypeId":1,"traits":[{"code":31,"dataId":1,"value":0},{"code":22,"dataId":0,"value":0}],"iconIndex":0,"name":"","note":"","params":[0,0,0,0,0,0,0,0],"price":0,"wtypeId":0},
{"id":25,"animationId":11,"description":"【槍】突きに特化させた短めの槍。","etypeId":1,"traits":[{"code":31,"dataId":1,"value":0},{"code":22,"dataId":0,"value":0}],"iconIndex":107,"name":"ショートスピア","note":"","params":[0,0,6,0,0,0,0,0],"price":320,"wtypeId":12},
{"id":26,"animationId":11,"description":"【槍】柄を可能な限り長くした槍。","etypeId":1,"traits":[{"code":31,"dataId":1,"value":0},{"code":22,"dataId":0,"value":0}],"iconIndex":107,"name":"ロングスピア","note":"","params":[0,0,12,0,0,0,0,0],"price":890,"wtypeId":12},
{"id":27,"animationId":11,"description":"【槍】穂先に斧頭の取りつけられた槍。","etypeId":1,"traits":[{"code":31,"dataId":1,"value":0},{"code":22,"dataId":0,"value":0}],"iconIndex":107,"name":"ハルバード","note":"","params":[0,0,18,0,0,0,0,0],"price":1760,"wtypeId":12},
{"id":28,"animationId":11,"description":"【槍】ミスリルで作られた槍。","etypeId":1,"traits":[{"code":31,"dataId":1,"value":0},{"code":22,"dataId":0,"value":0}],"iconIndex":107,"name":"ミスリルスピア","note":"","params":[0,0,24,0,0,0,0,0],"price":3420,"wtypeId":12},
{"id":29,"animationId":11,"description":"【槍】ドラゴンのキバで作られた槍。","etypeId":1,"traits":[{"code":31,"dataId":1,"value":0},{"code":22,"dataId":0,"value":0}],"iconIndex":107,"name":"ドラゴンスピア","note":"","params":[0,0,32,0,0,0,0,0],"price":5980,"wtypeId":12},
{"id":30,"animationId":0,"description":"","etypeId":1,"traits":[{"code":31,"dataId":1,"value":0},{"code":22,"dataId":0,"value":0}],"iconIndex":0,"name":"","note":"","params":[0,0,0,0,0,0,0,0],"price":0,"wtypeId":0},
{"id":31,"animationId":1,"description":"【グローブ】拳頭にトゲがついた格闘用のグローブ。","etypeId":1,"traits":[{"code":31,"dataId":1,"value":0},{"code":22,"dataId":0,"value":0},{"code":54,"dataId":2,"value":1},{"code":34,"dataId":0,"value":1}],"iconIndex":106,"name":"セスタス","note":"","params":[0,0,5,5,0,0,0,0],"price":360,"wtypeId":11},
{"id":32,"animationId":16,"description":"【爪】短い４本の爪が取りつけられた格闘武器。","etypeId":1,"traits":[{"code":31,"dataId":1,"value":0},{"code":22,"dataId":0,"value":0},{"code":54,"dataId":2,"value":1},{"code":34,"dataId":0,"value":1}],"iconIndex":105,"name":"バグナウ","note":"","params":[0,0,12,8,0,0,0,0],"price":980,"wtypeId":10},
{"id":33,"animationId":16,"description":"【爪】鋼鉄のかぎ爪が仕込まれた格闘武器。","etypeId":1,"traits":[{"code":31,"dataId":1,"value":0},{"code":22,"dataId":0,"value":0},{"code":54,"dataId":2,"value":1},{"code":34,"dataId":0,"value":1}],"iconIndex":105,"name":"アイアンクロウ","note":"","params":[0,0,20,15,0,0,0,0],"price":1560,"wtypeId":10},
{"id":34,"animationId":16,"description":"【爪】ミスリルのかぎ爪が仕込まれた格闘武器。","etypeId":1,"traits":[{"code":31,"dataId":1,"value":0},{"code":22,"dataId":0,"value":0},{"code":54,"dataId":2,"value":1},{"code":34,"dataId":0,"value":1}],"iconIndex":105,"name":"ミスリルクロウ","note":"","params":[0,0,25,18,0,0,0,0],"price":3480,"wtypeId":10},
{"id":35,"animationId":16,"description":"【爪】ドラゴンのかぎ爪が仕込まれた格闘武器。","etypeId":1,"traits":[{"code":31,"dataId":1,"value":0},{"code":22,"dataId":0,"value":0},{"code":54,"dataId":2,"value":1},{"code":34,"dataId":0,"value":1}],"iconIndex":105,"name":"ドラゴンクロウ","note":"","params":[0,0,32,21,0,0,0,0],"price":6890,"wtypeId":10},
{"id":36,"animationId":0,"description":"","etypeId":1,"traits":[{"code":31,"dataId":1,"value":0},{"code":22,"dataId":0,"value":0}],"iconIndex":0,"name":"","note":"","params":[0,0,0,0,0,0,0,0],"price":0,"wtypeId":0},
{"id":37,"animationId":11,"description":"【弓】狩猟用に作られた短めの弓。","etypeId":1,"traits":[{"code":31,"dataId":1,"value":0},{"code":22,"dataId":0,"value":0}],"iconIndex":102,"name":"ショートボウ","note":"<アクション:弓矢>","params":[0,0,7,0,0,0,0,0],"price":310,"wtypeId":7},
{"id":38,"animationId":11,"description":"【弓】威力を高めた戦闘用の長弓。","etypeId":1,"traits":[{"code":31,"dataId":1,"value":0},{"code":22,"dataId":0,"value":0}],"iconIndex":102,"name":"ロングボウ","note":"<アクション:弓矢>","params":[0,0,12,0,0,0,0,0],"price":780,"wtypeId":7},
{"id":39,"animationId":11,"description":"【弓】強力なバネで矢を射出する石弓。","etypeId":1,"traits":[{"code":31,"dataId":1,"value":0},{"code":22,"dataId":0,"value":0}],"iconIndex":103,"name":"クロスボウ","note":"<アクション:クロスボウ>","params":[0,0,18,0,0,0,0,0],"price":1860,"wtypeId":8},
{"id":40,"animationId":11,"description":"【弓】強力なバネでミスリルの矢を射出する石弓。","etypeId":1,"traits":[{"code":31,"dataId":1,"value":0},{"code":22,"dataId":0,"value":0}],"iconIndex":103,"name":"ミスリルボウ","note":"<アクション:クロスボウ>","params":[0,0,23,0,0,0,0,0],"price":3260,"wtypeId":8},
{"id":41,"animationId":11,"description":"【弓】ドラゴンのヒゲで作られた戦闘用の長弓。","etypeId":1,"traits":[{"code":31,"dataId":1,"value":0},{"code":22,"dataId":0,"value":0}],"iconIndex":102,"name":"ドラゴンボウ","note":"<アクション:弓矢>","params":[0,0,28,0,0,0,0,0],"price":5980,"wtypeId":7},
{"id":42,"animationId":0,"description":"","etypeId":1,"traits":[{"code":31,"dataId":1,"value":0},{"code":22,"dataId":0,"value":0}],"iconIndex":0,"name":"","note":"","params":[0,0,0,0,0,0,0,0],"price":0,"wtypeId":0},
{"id":43,"animationId":6,"description":"【短剣】日常生活にも使えるナイフ。","etypeId":1,"traits":[{"code":31,"dataId":1,"value":0},{"code":22,"dataId":0,"value":0}],"iconIndex":96,"name":"ナイフ","note":"","params":[0,0,5,0,0,0,0,0],"price":280,"wtypeId":1},
{"id":44,"animationId":6,"description":"【短剣】接近戦で使用する短刀。","etypeId":1,"traits":[{"code":31,"dataId":1,"value":0},{"code":22,"dataId":0,"value":0}],"iconIndex":96,"name":"ダガー","note":"","params":[0,0,9,0,0,0,0,0],"price":690,"wtypeId":1},
{"id":45,"animationId":6,"description":"【短剣】刀身が厚く丈夫な短刀。","etypeId":1,"traits":[{"code":31,"dataId":1,"value":0},{"code":22,"dataId":0,"value":0}],"iconIndex":96,"name":"マシェット","note":"","params":[0,0,12,0,0,0,0,0],"price":1280,"wtypeId":1},
{"id":46,"animationId":6,"description":"【短剣】ミスリルで作られた短刀。","etypeId":1,"traits":[{"code":31,"dataId":1,"value":0},{"code":22,"dataId":0,"value":0}],"iconIndex":96,"name":"ミスリルダガー","note":"","params":[0,0,18,0,0,0,0,0],"price":2930,"wtypeId":1},
{"id":47,"animationId":6,"description":"【短剣】ドラゴンのキバで作られた短刀。","etypeId":1,"traits":[{"code":31,"dataId":1,"value":0},{"code":22,"dataId":0,"value":0}],"iconIndex":96,"name":"ドラゴンダガー","note":"","params":[0,0,23,0,0,0,0,0],"price":5820,"wtypeId":1},
{"id":48,"animationId":0,"description":"","etypeId":1,"traits":[{"code":31,"dataId":1,"value":0},{"code":22,"dataId":0,"value":0}],"iconIndex":0,"name":"","note":"","params":[0,0,0,0,0,0,0,0],"price":0,"wtypeId":0},
{"id":49,"animationId":0,"description":"","etypeId":1,"traits":[{"code":31,"dataId":1,"value":0},{"code":22,"dataId":0,"value":0}],"iconIndex":0,"name":"","note":"","params":[0,0,0,0,0,0,0,0],"price":0,"wtypeId":0},
{"id":50,"animationId":0,"description":"","etypeId":1,"traits":[{"code":31,"dataId":1,"value":0},{"code":22,"dataId":0,"value":0}],"iconIndex":0,"name":"","note":"","params":[0,0,0,0,0,0,0,0],"price":0,"wtypeId":0}
]